feature,mean_importance
fnlwgt,-0.0004711819099755932
native-country,7.954535216958547e-07
education,0.0004180877858882548
race,0.000810665923565368
workclass,0.0017116421556704676
sex,0.0025930545189655984
occupation,0.01535536092898726
hours-per-week,0.022221923212191463
marital-status,0.02541829956035583
capital-loss,0.029430936517869644
education-num,0.053532478779041735
relationship,0.05375090835329743
age,0.06652019088293555
capital-gain,0.16140042553636164
