feature,mean_importance
native-country,3.963913128530727e-05
education,0.00025062906376941416
race,0.0006852218596410942
fnlwgt,0.001552577431951896
sex,0.0025461667932848986
workclass,0.0031038847662058335
occupation,0.017348392151294134
hours-per-week,0.02010166624024571
marital-status,0.022677017166463042
capital-loss,0.029806417045741253
relationship,0.048270920184597034
education-num,0.05558176991063244
age,0.07791066104524044
capital-gain,0.16316528738837682
